MedInc,HouseAge,AveRooms,AveBedrms,Population,AveOccup,Latitude,Longitude
5.04665813197777,50.0,4.857606667453825,0.9254807692307692,1177.0,2.829326923076923,37.753756336130245,-122.47797875719772
5.249694136385684,35.0,6.664930670988224,1.0553745928338762,1449.0,2.359934853420196,33.973373557649005,-118.3789255373799
2.8164930522294056,37.0,4.436790349760162,1.1090534979423867,934.0,1.9218106995884772,34.0969938422187,-118.26527872722573
1.6072048245444508,15.0,5.3466611834238895,1.1425855513307983,1831.0,3.4809885931558937,32.75887878562672,-117.1155451461012
6.11028288967434,35.0,6.552949415008507,0.9747747747747748,1449.0,2.610810810810811,37.29396130667072,-121.99176460722578
4.059889196847438,41.0,6.3252793015472415,1.1990407673860912,837.0,2.0071942446043165,34.15831095539674,-118.40869143874444
4.180126743080325,7.0,5.822771525624249,0.9639278557114228,1584.0,3.1743486973947896,34.16920242419059,-117.34971175970738
3.4477761951289034,37.0,4.125269646718671,0.9378238341968912,1054.0,2.7305699481865284,33.879437275009764,-118.33212914048191
1.626329746378259,39.0,3.465497537352259,1.0888888888888888,2376.0,3.7714285714285714,34.03732939297822,-118.31522671467731
6.133597009239234,42.0,7.002368022473981,1.0334928229665072,494.0,2.363636363636364,33.94256641264759,-118.40924375779001
3.4673710750341864,40.0,4.469483311864395,0.9902597402597404,2062.0,3.3474025974025974,33.93350550215493,-118.18333647162747
6.957216649277207,25.0,6.806090469538678,1.0245746691871456,3037.0,2.8705103969754253,34.18656562574741,-118.6567282656575
3.3600544793717764,24.0,6.287876811039458,1.0469314079422385,755.0,2.7256317689530687,33.82990927682916,-117.89002561454103
4.224862289223535,29.0,6.667339098676242,1.0893169877408055,1654.0,2.896672504378284,37.97667001110429,-122.27610130459378
4.887540694128955,33.0,6.283616483956003,0.989159891598916,1083.0,2.934959349593496,33.846084361131695,-118.30672967168441
2.26800764158783,21.0,4.228829258345231,1.0838852097130245,1526.0,3.368653421633554,34.01523321691513,-118.28697119961467
3.164574951560388,16.0,3.9693691427265394,1.0602409638554218,2192.0,2.200803212851405,33.710376199807286,-117.97762055942513
2.1251380879433914,17.0,6.34504245143044,1.0770171149144254,1629.0,1.9914425427872864,38.038196216561374,-121.27515732174322
2.063881685886765,45.0,6.096645752912654,1.2222222222222223,966.0,2.683333333333333,38.08363927197307,-122.23450500933092
3.6218431655550343,36.0,3.858776131267399,1.051643192488263,430.0,2.0187793427230045,34.1489032462084,-118.14494633391601
2.2224675807117302,16.0,5.230939202672576,1.0134615384615384,1077.0,2.0711538461538463,36.28375331451544,-119.33153706580242
3.745782008911108,44.0,6.17834675596437,0.9217081850533808,667.0,2.373665480427046,32.73792129220904,-117.25832650556029
5.06700506689263,30.0,4.78604059559986,1.07035175879397,606.0,3.0452261306532664,37.69820071187722,-122.48282732600431
2.770536728069838,45.0,4.813642259600327,1.0142857142857142,837.0,2.3914285714285715,33.88635036354321,-118.10262206616324
3.0922027011964244,13.0,6.378072282291707,1.087769784172662,2044.0,2.9410071942446043,33.79034596435811,-117.14302955902738
2.408526143966878,34.0,4.872040118336556,1.0902394106813995,1794.0,3.303867403314917,34.037679056970696,-118.36574146026312
2.278832501084804,49.0,4.145075705899036,1.053639846743295,2535.0,3.2375478927203063,34.27528044467053,-119.28509345170743
3.178022487809372,18.0,5.518590388980015,1.024024024024024,1694.0,2.543543543543544,38.54976271126813,-121.34524109909684
3.4809359425283515,18.0,5.439710366832426,1.0933062880324544,1439.0,2.918864097363083,33.75584849368165,-117.95813507903857
5.981897210412778,15.0,7.507133863373267,1.1268882175226589,2119.0,3.200906344410876,33.08380674949873,-117.06829481210795
1.9754267272142156,31.0,5.965083614028809,1.032520325203252,1344.0,2.731707317073171,36.97746815375681,-120.60516955164364
2.154343298299766,39.0,4.978308042517646,1.1014492753623188,776.0,3.748792270531401,33.89329128491509,-118.20105536360984
4.345650094661498,34.0,5.439224967098553,1.0564784053156149,1019.0,3.3853820598006643,37.36238746752505,-121.9655777892843
1.5118613929013862,32.0,2.964953262215987,1.020501138952164,1325.0,3.0182232346241458,34.043148218798315,-118.29411247018881
5.656402904744477,38.0,7.205284669821111,1.099630996309963,853.0,3.1476014760147604,34.21035012297003,-118.17687686948994
3.8650439406149943,38.0,4.983081687155915,1.2012987012987013,344.0,2.2337662337662336,33.98143552841326,-118.35588925959048
2.674437276760406,20.0,3.9400988035226177,1.0671273445212242,2096.0,2.069101678183613,33.943604937495614,-117.39936373419701
3.563060147997028,27.0,6.810483266924104,1.1309823677581865,1782.0,4.488664987405541,36.99288007019704,-121.5557344324502
4.827290515580972,37.0,5.663817079821892,0.981404958677686,1498.0,3.0950413223140494,37.57835621667504,-122.49200152847428
3.345142535359673,20.0,3.2618257289159973,1.0905349794238683,2575.0,1.7661179698216736,37.879296282886315,-122.0781343961291
4.980310186435679,30.0,6.865750639936501,1.0330788804071247,982.0,2.4987277353689565,34.27398806953963,-119.2596423176141
4.693865408825577,46.0,5.182837511249365,0.9498525073746312,1077.0,3.1769911504424777,33.97372076185093,-118.30924879990522
1.3180547068500543,19.0,4.367872943468629,1.0426966292134832,833.0,1.8719101123595503,38.418150294681666,-122.70076218553146
4.79285554482465,37.0,5.194575851719821,0.9230769230769232,884.0,4.25,33.80620040980745,-117.9783536345137
3.5244484539783056,28.0,6.996322553965434,1.033846153846154,859.0,2.643076923076923,40.19016849901896,-122.23528332425164
2.4216557114534574,30.0,3.4062994834962677,1.023407022106632,1886.0,2.4525357607282183,34.26361843851038,-118.28498389381798
6.7568174967084484,34.0,5.494093218160051,0.8777506112469438,967.0,2.3643031784841075,33.89990884850724,-117.91238861068608
2.5135421086361833,37.0,4.731897664041822,1.024822695035461,812.0,2.879432624113475,36.78958796472789,-119.80277851180081
4.405947386985043,17.0,6.543823050031719,0.9922680412371134,1292.0,3.329896907216495,38.00286635912315,-121.85012778749396
3.881770627236295,14.0,5.246749526434973,1.0098039215686274,1867.0,3.0506535947712417,36.33714934792271,-119.78140079140381
2.68401809959644,49.0,4.967716085462606,0.9484536082474226,462.0,2.381443298969072,34.04749401622187,-118.3648823733299
3.608762741811894,33.0,4.5051035333429414,1.223021582733813,278.0,2.0,34.39929225224985,-119.5811143179689
3.0890294238453087,22.0,5.697986440948419,1.0211970074812968,1852.0,2.309226932668329,36.80058050878661,-119.78393309200284
3.6500955151689563,34.0,5.126646717785916,1.0320987654320988,1154.0,2.8493827160493828,33.84711515718347,-118.00683683601017
2.4622212997469277,41.0,6.023651634938766,1.228395061728395,434.0,2.6790123456790123,37.70277679185568,-122.46381389561022
7.297319763205287,26.0,6.124011846771599,1.0,1678.0,2.796666666666667,37.30380276044557,-122.02914464991935
3.112211940754568,45.0,6.391235815409453,1.044776119402985,1583.0,3.375266524520256,32.76336485907243,-115.55882930861353
3.5507531944417723,50.0,5.193938738108269,1.0465549348230911,1989.0,3.70391061452514,37.71050994841004,-122.4492147951437
3.3771616873074475,35.0,5.739631971222423,1.044502617801047,1076.0,2.816753926701571,32.58068062066852,-117.17281206446876
4.635037049731448,21.0,6.643707250255423,0.9899328859060402,983.0,3.298657718120805,32.58022045180486,-117.10230163302373
3.6409326300285536,25.0,5.945573921882231,0.9287671232876712,956.0,2.6191780821917807,38.33162839939756,-122.31304277375118
3.8780658264810874,32.0,7.080695453380592,1.0496688741721854,863.0,2.857615894039735,37.3292979476133,-121.95107016372346
1.3328769804271792,16.0,3.1924243441622084,1.020979020979021,1377.0,3.2097902097902096,32.79589565512036,-115.55562705715002
1.8239105864188443,17.0,6.530950698426551,1.171875,758.0,2.36875,38.50417968251233,-121.40348393308741
1.571428269156782,44.0,4.690284264145449,1.1293260473588342,1521.0,2.7704918032786887,35.36263272340079,-119.02862080799952
4.4629713418453285,42.0,6.566540450300573,1.0977917981072556,837.0,2.640378548895899,37.605823266602464,-122.3865773317566
3.190478658804387,32.0,5.070757063142182,1.0427046263345197,1702.0,3.02846975088968,32.55559054223554,-117.12647794050314
2.798669332986797,31.0,4.68933277122533,1.0290791599353797,2413.0,3.898222940226171,33.845057406262534,-117.99949793330734
2.853432517809233,38.0,5.082884494077304,1.011111111111111,1389.0,3.858333333333333,33.90236985719258,-118.22656155730779
3.53631466617996,40.0,6.336555723420907,1.1495327102803738,546.0,2.5514018691588785,38.43262276894634,-120.79968274809865
2.8095191952277876,52.0,5.285364435754019,1.0522875816993464,904.0,1.9694989106753813,38.560747327200936,-121.46521051261823
5.74006436472125,41.0,6.149627510587483,1.0085470085470083,314.0,2.683760683760684,33.99756588646528,-118.39068724982627
6.509879258781243,21.0,7.993251173357995,1.0297619047619049,2855.0,2.8323412698412698,34.31997128848909,-119.22082366169063
2.4847939334983224,9.0,4.110074014381252,1.1724137931034482,728.0,4.183908045977011,34.04726001843861,-118.21264391365278
1.4455647870931372,35.0,4.561277438259946,1.0268199233716475,2030.0,3.888888888888889,36.538918343246664,-119.36753894459076
5.7470978721137955,17.0,7.578332809946391,1.023076923076923,1834.0,3.526923076923077,38.047483437700514,-122.25039274599546
3.2156538257421268,45.0,5.204906453556243,1.1677018633540373,479.0,2.975155279503105,37.941550761482326,-122.36413603750967
3.35482990654559,26.0,5.636594245917674,1.0155586987270155,2085.0,2.949080622347949,37.98981787520326,-121.71174271521757
2.1738203039387822,38.0,5.226040148388683,1.1330798479087452,1055.0,4.011406844106464,34.08283641044084,-118.19973087454554
3.1820548885863844,17.0,5.159367112804344,1.0338504936530324,1447.0,2.040902679830748,37.98907230843747,-122.03509081904527
3.4564035227388326,50.0,5.621626975384171,1.0141843971631206,879.0,3.117021276595745,37.69690734781359,-122.43500729546965
5.139778623342782,47.0,6.558116098553869,1.009049773755656,637.0,2.8823529411764706,34.015417527641546,-118.4270310267773
4.0937281042114675,17.0,4.47519206935387,1.0685279187817258,1118.0,2.8375634517766497,33.64485037161812,-117.90048034080304
4.250876168701748,33.0,3.2975037883631013,1.0049261083743843,538.0,2.6502463054187197,37.38390777594757,-122.02497814756602
4.118267778241017,14.0,6.853011583278209,0.9900199600798404,1634.0,3.261477045908184,36.82137716523746,-119.70558116576383
6.528412080163616,15.0,7.22585498515939,0.9463869463869464,1269.0,2.958041958041958,32.76505381172363,-116.90095880950189
6.539880723339872,14.0,6.772945270244192,0.9339250493096648,2768.0,2.7297830374753453,38.318946662839636,-122.31753220865701
3.6287755603220244,39.0,4.561016221057342,0.9562841530054644,740.0,4.043715846994536,33.884805586450085,-118.09185323229016
3.271370084472496,17.0,5.863205164177933,1.0805194805194804,1047.0,2.7194805194805194,39.2442995368362,-121.43030110290148
4.315482756597481,42.0,5.0280416191502,1.0602678571428572,1019.0,2.274553571428572,34.01916188749661,-118.47892801317029
0.9783742481762147,23.0,4.592967276408039,1.1126436781609197,1277.0,2.935632183908046,35.353104431652476,-119.02283481588404
5.84650154471492,36.0,6.298916639366137,1.0435339308578746,2521.0,3.227912932138284,34.26757037423709,-118.47203708999588
1.7876238296433615,50.0,2.786981698484996,1.0442930153321976,2382.0,4.057921635434412,34.06636611429481,-118.26483049102524
2.5835046523443377,28.0,3.894428825559797,1.1209302325581396,1849.0,4.3,33.840311362095136,-117.90574689998203
1.7424350716798476,21.0,5.206475903542511,1.16988416988417,1031.0,3.980694980694981,36.362417504702954,-119.42006867590443
1.016379668299913,36.0,3.0182944697193337,0.9333333333333332,1024.0,3.4133333333333336,34.15241427132596,-118.1586829743769
3.1541237333413816,48.0,3.752815961245839,1.075091575091575,1277.0,2.338827838827839,37.766480017739894,-122.4436279956697
4.700351540589457,37.0,5.811791706112565,1.0378548895899051,1041.0,3.2839116719242902,34.22510952548756,-118.56627038116898
7.157403504308109,17.0,6.3568168019207505,0.976271186440678,852.0,2.888135593220339,37.66877349115274,-121.8720851558488
2.9115045807229794,31.0,3.4007450969077535,1.0464396284829722,1152.0,3.56656346749226,34.07676823869374,-118.02458897553791
3.5538399943180696,23.0,6.255970699211064,1.0532786885245902,1466.0,3.0040983606557377,34.96871943018934,-120.43153508688867
4.201630385795881,50.0,3.9719455462335986,1.148648648648649,410.0,2.77027027027027,37.74610897964659,-122.37657396809449
4.921948060751464,14.0,5.103299841639552,1.002433090024331,1087.0,2.6447688564476888,37.425088563660005,-121.93606620985909
3.15490941650053,24.0,4.712876497169285,1.0896686159844056,1545.0,3.0116959064327484,34.19380924853001,-118.46088034059778
2.338268822018498,27.0,4.568037389383255,1.0103986135181977,2327.0,4.032928942807626,33.90467530145161,-117.39982225295698
3.694896455748236,5.0,5.644873974188934,1.015850144092219,2179.0,3.139769452449568,36.788308945584404,-119.90016376130234
4.6054815126236255,33.0,7.080796011089546,1.0699481865284974,1385.0,3.588082901554404,33.85180679586261,-118.14196186997759
7.796717534982181,36.0,8.301365175964527,1.0216998191681737,1562.0,2.824593128390597,37.44781553511795,-122.11749535495716
4.314849910363242,50.0,5.5881941853777874,0.971252566735113,1085.0,2.2279260780287475,37.87460798662512,-122.28348803148035
5.198213726610459,10.0,7.551549764914509,1.0065963060686016,2568.0,3.387862796833773,38.39761479279813,-121.3694597886165
1.2088126964213617,43.0,4.464035874503033,1.0467091295116773,1731.0,3.6751592356687897,34.01450952456962,-118.27087061013074
4.437313372697168,14.0,4.940419725734313,1.0123711340206183,1265.0,2.6082474226804124,38.553126432133624,-121.36625149302368
4.222561957245064,25.0,6.231737391356796,1.0203045685279188,1299.0,2.197969543147208,38.45344459618516,-122.6958151352274
4.127495498594093,51.0,5.270830391619483,0.9551020408163264,962.0,1.963265306122449,37.74901274580646,-122.41224351509653
1.283719695637287,40.0,4.643337002303073,1.101522842639594,805.0,4.086294416243655,35.36068502936054,-118.98536441848907
3.815420980120205,32.0,6.2829988645709145,0.9473684210526316,288.0,3.031578947368421,36.79151222195143,-121.31096230311034
5.779862698458377,21.0,5.240587160573963,1.0507425742574257,2243.0,2.775990099009901,33.69180703118337,-117.96987163069707
2.5295678835422755,41.0,4.5684421136408835,1.008604206500956,2720.0,2.6003824091778203,37.64004322311581,-122.39517422631909
4.336691337926447,3.0,5.384171310479067,1.0847457627118644,2062.0,2.49636803874092,34.60358949428668,-118.62342848290928
3.278718092820029,32.0,3.990335296009452,1.0321931589537223,1299.0,2.613682092555332,34.207054379809854,-118.53921741038567
6.146048828588767,19.0,5.328144016469826,0.978891820580475,1283.0,3.3852242744063323,34.26146917076843,-118.70146186069887
2.186965726040782,34.0,6.287134891036934,1.0554455445544555,1287.0,2.548514851485149,39.54849880025283,-122.187388308228
3.5522347648235577,54.0,5.360805215609567,1.0507614213197969,450.0,2.284263959390863,38.3027175434986,-122.31332181336218
3.767959966739906,18.0,4.931870817394281,1.0388059701492538,766.0,2.2865671641791043,34.64216703554004,-118.24751903680401
2.7174580749233623,9.0,3.602344392794361,1.0304259634888435,1369.0,2.7768762677484786,33.847842958332045,-118.17737858901155
2.122437517137773,30.0,4.700902016756591,1.0258215962441315,1142.0,2.68075117370892,32.573271276798366,-117.145178616437
1.6406728767285998,26.0,4.21935863372996,1.0825556353194543,1829.0,1.3129935391241925,33.755892122232,-118.0995614744171
1.343203072466549,43.0,4.324200366321765,1.072674418604651,1088.0,3.1627906976744184,33.95693466943549,-118.24635725505502
4.082504027558395,25.0,6.465124421717076,1.1718426501035195,1244.0,2.5755693581780537,38.262163111525744,-122.41010881668606
3.784291638997355,36.0,6.709411558909885,1.0588235294117647,643.0,2.909502262443439,33.829789462752466,-118.1452271868399
1.9908906052243667,13.0,4.448225331274592,0.926829268292683,247.0,1.5060975609756098,32.81279027307404,-117.0921386165626
4.961481995591747,10.0,6.4012474452578685,0.9760479041916168,698.0,4.179640718562874,32.685108066287654,-117.0177666195282
1.8917525335235235,41.0,5.103691910896614,1.0029239766081872,949.0,2.7748538011695905,37.741313314052405,-122.18605922236969
3.576559015843526,25.0,6.238315431188083,1.0488599348534202,2295.0,3.737785016286645,34.15483627516956,-119.15302486517952
2.68063837343068,38.0,4.36070293536659,0.979591836734694,729.0,2.1253644314868803,33.785359355297246,-117.86974993143588
1.895586241312597,48.0,4.248790558277584,1.009628610729023,1441.0,1.9821182943603848,38.53049455078379,-121.45238042491506
2.9055085588765186,37.0,4.090721651351235,1.0738007380073802,648.0,2.3911439114391144,38.257960389822976,-122.02644846112531
2.1341862660219064,25.0,5.751391147442583,1.0368763557483731,1527.0,3.3123644251626896,36.13456887519377,-119.0783457601067
5.520959093208471,23.0,5.674406266059938,1.0128205128205128,373.0,2.391025641025641,37.38433783750103,-122.06779697468492
1.7500949074719103,43.0,3.8850571315059614,1.0209923664122138,2288.0,4.366412213740458,33.98255969676416,-118.26767537508796
2.2880223344395083,32.0,4.424458445230403,1.094890510948905,1198.0,4.372262773722627,34.08716264482156,-118.19960664547187
3.310875652217325,12.0,5.217707742829527,0.9583333333333334,1056.0,3.3846153846153846,34.43528714103581,-117.29598591568669
3.6478755595324484,12.0,5.97438661104391,1.035264483627204,954.0,2.403022670025189,38.361919411426015,-122.71239137509872
3.3566073795699776,50.0,3.86509964668112,1.0598885793871866,1179.0,1.6420612813370474,33.76160010767866,-118.13720863253066
4.522053034535346,26.0,5.740409298595267,0.961038961038961,1524.0,2.8274582560296846,34.696986360594295,-120.46889227083643
1.7899713709496408,50.0,5.199107638432634,1.1205128205128203,764.0,1.958974358974359,36.749610088601614,-119.7896885277961
1.721263970780232,54.0,3.554864328582257,0.9888641425389756,878.0,1.955456570155902,37.8732502835793,-122.25440301432336
2.878167378975422,43.0,5.342309943577103,1.0636363636363635,1444.0,2.625454545454545,34.08148543318628,-117.65205054370873
3.14958011981064,41.0,5.974755246571013,1.0767045454545454,1051.0,2.9857954545454546,33.92425266085531,-118.29041913365296
4.6557210704867,32.0,6.058125200734737,1.0881174899866488,1696.0,2.2643524699599467,34.146265056750536,-118.6242198157041
5.2696284527583455,42.0,5.728860814630467,1.0985915492957747,538.0,2.5258215962441315,33.840826320059726,-118.14309902167355
2.354037952331521,7.0,4.30445955520284,1.1724137931034482,728.0,4.183908045977011,34.06100748151964,-118.21018823755801
3.7186522999319416,9.0,4.839436756522099,1.1805555555555556,2369.0,3.290277777777778,33.89957394001841,-117.5648397655555
3.4209333505453547,28.0,6.131709007908973,1.0117145899893505,2199.0,2.34185303514377,38.554066053648505,-121.75964489615409
3.425777177726854,33.0,6.17070818535656,1.165948275862069,1022.0,2.202586206896552,37.92816046197744,-122.52089131737404
4.021888431682918,21.0,5.801960838288297,1.0526315789473684,1291.0,3.088516746411483,33.73797452008482,-118.29789264129971
3.1600968051062397,35.0,4.448307887734543,1.089908256880734,1549.0,2.842201834862385,33.907195218534184,-118.12126419045796
1.7411730761182458,51.0,5.638057527642025,1.056390977443609,523.0,1.966165413533835,38.91029199829401,-121.06236015087165
4.100701883878817,19.0,4.784274054086642,1.0684736091298146,2459.0,3.507845934379458,37.2691011954686,-121.88600768742182
4.107199239663517,44.0,3.910683575918156,0.95,282.0,3.525,37.76219288434829,-122.17310483597791
4.211931542512827,27.0,5.479802856640428,1.0903225806451613,1081.0,2.324731182795699,33.65424900612094,-117.89554702319361
4.1832947395131495,14.0,7.192017909251975,1.0401891252955082,1325.0,3.132387706855792,38.02203636785533,-121.34069248804444
4.418463838469901,37.0,7.398437461092378,1.0773809523809523,496.0,2.952380952380953,33.816894816424046,-117.94645588995503
3.555617325679713,31.0,6.3696863129974535,1.0764462809917354,1580.0,3.2644628099173554,37.42624049625516,-120.84920729796391
1.1232534779374015,26.0,4.0274903285127355,1.1126436781609197,1277.0,2.935632183908046,35.34635539446683,-119.0215310078853
4.7738545844925415,38.0,6.124029910774393,0.9817073170731708,838.0,2.554878048780488,33.81863197624224,-118.10069718658097
3.425299809676868,18.0,6.3483635469398605,1.161725067385445,974.0,2.6253369272237195,39.2991883845508,-120.87368565014891
3.4954428815483496,52.0,4.072289943030712,0.9851301115241636,1196.0,4.446096654275093,34.30932109478916,-118.422822984402
4.616986893519573,24.0,6.035701465640175,0.9845758354755784,1488.0,3.8251928020565553,37.606084822335895,-122.01163960413436
2.9608319222465096,6.0,6.3139712701239885,1.2328548644338118,1481.0,2.3620414673046253,33.172125630108376,-117.27557551721384
2.0036492407113466,48.0,4.979571385501436,1.131979695431472,1052.0,2.67005076142132,33.99012505306303,-118.332407965691
3.6837779069000423,27.0,4.645102648188493,1.0350877192982455,2175.0,3.179824561403509,33.888465602526715,-118.33819670445372
2.8326478990917088,39.0,4.792560735043282,1.0070298769771528,1223.0,2.149384885764499,38.44560371406755,-122.69225264112302
2.451372242427638,33.0,5.3072867263310535,1.0533980582524272,599.0,2.907766990291262,33.99027163861775,-118.10373073065189
3.272421993538633,52.0,6.787392762949276,0.9767441860465116,411.0,2.38953488372093,37.753537264375744,-122.26996363188609
4.594641199075708,27.0,4.373866131004333,1.0207792207792208,2259.0,2.933766233766234,37.65618982307932,-122.43417931627641
1.8941260567744136,49.0,3.6191283044860305,0.9415204678362572,1063.0,3.108187134502924,36.77326046367665,-119.78776004882384
2.917643774846125,33.0,5.055737094211009,1.0677570093457944,2742.0,3.203271028037383,37.615010054366564,-120.85041450008103
6.785732202594757,50.0,6.899144927733427,0.9514285714285714,813.0,2.322857142857143,37.824550667403386,-122.20758109966874
3.173973780162576,15.0,5.859426305196097,1.1165311653116532,1104.0,2.991869918699187,39.78261217969878,-122.25648221254635
4.417020992141506,10.0,4.790973711196087,1.122345803842265,2153.0,2.1769464105156726,33.697975099413306,-117.91911037015348
3.884896384070455,45.0,5.202978158073373,1.03470715835141,1225.0,2.6572668112798263,37.49549930244691,-122.26533770103823
2.6101514458988304,18.0,3.9856147830402877,1.0129390018484288,2243.0,4.146025878003697,34.245867478373334,-118.40935871150964
2.276469396679165,50.0,4.082908464755167,0.9257142857142856,902.0,2.577142857142857,34.3470594693783,-119.06048160834997
4.135188406469484,44.0,4.514018060742122,1.0,497.0,2.179824561403509,33.97489829465548,-118.40255684030213
5.374880348269063,19.0,7.71613335122871,1.0129449838187703,879.0,2.8446601941747574,38.892493475563214,-121.13336378062526
3.1493170343632335,43.0,3.934258240005407,1.0738636363636365,1338.0,3.801136363636364,34.084987379867414,-118.14541449584918
2.0467388896036214,40.0,5.153690750485269,1.1436031331592689,1021.0,2.66579634464752,33.92998107433716,-118.3056661433784
1.3740937647956135,36.0,2.7807742598769254,1.0705882352941176,557.0,3.276470588235294,34.093683826968736,-118.2998690435146
1.6297252050538749,30.0,5.512540099182611,1.1483050847457628,694.0,2.940677966101695,40.46112629328584,-122.30178171360355
3.105601521203691,29.0,5.713246786193288,0.9879518072289156,1230.0,2.469879518072289,34.086259634279685,-117.67392646820718
4.283132521430544,38.0,5.613807180754937,1.0251046025104602,573.0,2.397489539748954,37.96300053128932,-122.33372010162847
8.157249461327995,4.0,6.755962262304316,1.0,1363.0,3.3821339950372207,33.52037692634336,-117.6886173194862
4.031298314000622,32.0,6.1650859838411405,1.065040650406504,981.0,2.658536585365854,38.029970067936205,-122.37334738828125
2.4941970817993604,34.0,5.775629026640187,1.077027027027027,1916.0,2.5891891891891894,37.66066625461151,-121.00428890128903
4.683581493227828,9.0,7.1189991506220185,1.0498533724340176,1978.0,2.900293255131965,38.90890993861725,-120.97568645022801
4.6866209417697835,36.0,6.221068097727086,1.0091743119266054,775.0,3.555045871559633,34.24824739413894,-118.41927827314811
3.8967502396043,27.0,5.991115806692931,1.0608695652173914,1072.0,3.1072463768115943,36.84888232586318,-119.92966772839875
2.167979131581752,19.0,5.70756669577808,1.0459081836327346,1292.0,2.5788423153692617,35.09414725809902,-120.58936696654064
3.4896944410748083,32.0,5.323335426700877,1.1524008350730688,1190.0,2.4843423799582465,33.98750086274007,-118.01131891566183
4.139482311555381,34.0,7.19253335460119,1.156862745098039,632.0,3.0980392156862746,37.60272173073264,-122.01588534535945
3.4006868073708776,27.0,4.6591509565808,1.003076923076923,878.0,2.701538461538461,33.82132464704694,-117.94940353139884
5.815189009012251,10.0,6.044993567391938,0.9784560143626572,1410.0,2.531418312387792,33.10288338089284,-117.25238542459266
3.631862541744515,37.0,5.867802124225829,1.1578947368421053,711.0,2.338815789473684,33.7769389891929,-118.29421742587274
1.161346514726428,38.0,5.012706701988973,1.101522842639594,805.0,4.086294416243655,35.37971633926062,-119.00331249815696
3.5001729189801827,51.0,5.0324622979447255,1.039119804400978,1091.0,2.667481662591687,37.75412343542129,-122.4730644782396
3.1807673083113106,17.0,4.471227558071949,1.1478260869565218,1202.0,2.6130434782608694,33.83736156287124,-118.00488601476972
3.2259907970699033,27.0,5.141993674998646,1.083743842364532,2022.0,2.4901477832512318,34.16421724223005,-118.4369189942661
2.0579602737526947,54.0,5.118757108872853,0.9882352941176472,754.0,2.217647058823529,39.421575633784826,-123.80251712421594
3.9119931901946616,30.0,5.620533449678689,1.0163170163170163,1613.0,3.75990675990676,33.882171604980336,-118.05660747329647
2.475890034617957,21.0,3.859588727480967,1.031496062992126,1369.0,3.593175853018373,34.432406547472695,-119.66564539632998
2.04676556653897,16.0,4.017888389540411,1.1079691516709511,1031.0,2.65038560411311,33.36157833699349,-117.24952711872191
2.8142738997713996,19.0,6.703147525339918,1.1710794297352345,1195.0,2.433808553971487,36.429607487429884,-118.85938321207719
1.4142397533202808,53.0,2.9719903219452735,1.2013888888888888,851.0,1.4774305555555556,34.41158249648422,-119.7219272521773
2.831195417852126,38.0,5.63876875114341,1.0537383177570094,1019.0,2.380841121495327,38.409874302407125,-122.81405531740735
2.0756401233647006,29.0,5.062414817750711,1.1,1259.0,2.997619047619048,40.78330750263155,-124.14767788314688
5.834793027295481,25.0,5.709193424710012,1.0570388349514563,1830.0,2.220873786407767,33.84582302064291,-118.37404331729066
3.9057137690355668,42.0,4.913877579252745,1.0767386091127098,1377.0,3.302158273381295,34.176584853213775,-118.17381604090764
2.7559296483815108,26.0,5.707878315763925,1.0196078431372548,2902.0,3.556372549019608,38.495320235958836,-121.49943601548145
3.694322488776034,53.0,5.043590976680995,1.02020202020202,467.0,2.3585858585858586,37.82689763900375,-122.25871274960798
1.6992148590527323,21.0,2.02542931796126,1.092074592074592,2795.0,3.257575757575758,34.09314516844939,-118.29119562547902
1.7318000393609203,29.0,6.534195674989325,1.05,136.0,3.4,33.93880656631971,-117.54782988359824
5.134469703530264,21.0,6.014083776255579,1.0156028368794323,1850.0,2.624113475177305,37.26488168265085,-121.95252267057963
1.3304792080323151,41.0,3.4244789662006947,1.053388090349076,2123.0,4.359342915811088,34.000135741384256,-118.22738759361843
2.73602243064452,34.0,5.001192643552002,1.013358778625954,1563.0,2.982824427480916,37.94343814255846,-122.33130354514597
2.073807316719663,38.0,4.406442605310201,1.157563025210084,1967.0,4.132352941176471,33.78879587063653,-118.17228604280666
2.3392470654755555,44.0,5.333914015163355,1.0583090379008746,1184.0,3.4518950437317786,33.91065219910285,-118.25067538031787
5.842784963063667,8.0,5.221777531058548,0.965576592082616,2160.0,3.717728055077453,37.33522490007649,-121.79930177881444
5.979183814056659,27.0,8.029315337141783,1.06631299734748,1389.0,3.684350132625995,34.01574471683784,-117.86660955015182
3.169595828021082,28.0,4.649584058925246,1.0085653104925054,1447.0,3.0985010706638114,37.03870641492954,-121.58962267035929
5.329348757278632,15.0,6.749730775520075,1.0458333333333334,761.0,3.1708333333333334,34.85176436749908,-120.40291422899948
4.309423213445404,17.0,5.843729548857297,1.0028011204481793,1092.0,3.0588235294117645,38.87312008780485,-121.2806953285633
2.1992690942497193,33.0,4.827736191388483,1.0616883116883118,1809.0,2.936688311688312,35.588326757435745,-119.33738355867142
3.2592534786254617,29.0,5.461301036445699,0.9440860215053763,1411.0,3.034408602150537,36.53332516518685,-119.39005531943758
3.4318815825525917,43.0,6.480000892739384,1.0205479452054795,443.0,3.0342465753424657,36.38112483783063,-119.77420496248332
2.951683490584496,21.0,4.155097346342691,1.060388945752303,1820.0,1.8628454452405323,34.056091575243904,-118.47890675205953
5.846024922356628,23.0,7.568247947358283,1.0914634146341464,1665.0,3.3841463414634148,34.26174286288571,-118.73309457521681
5.749601044840482,29.0,6.651880770693481,1.0971128608923884,1344.0,3.52755905511811,33.99423895887091,-117.99872494047118
3.3517916907873575,30.0,4.437805688429299,1.0698080279232112,2477.0,4.322862129144852,34.080051824614834,-117.96672345586701
4.153892689101892,13.0,3.6521725899682647,1.1304347826086956,718.0,2.081159420289855,37.32519436916193,-121.89827145320103
5.612785550609537,15.0,7.4130149554959095,1.0465116279069768,1145.0,2.4207188160676534,34.11488248421394,-117.66010057085043
1.7731553071692052,37.0,4.378766013885986,1.0,1086.0,3.290909090909091,32.67956854761373,-117.10368110935813
4.615596793935571,32.0,5.883440225389208,1.0262172284644195,909.0,3.404494382022472,37.549688800499425,-122.01294186331108
5.3163033138909705,17.0,7.432240719195901,1.1869436201780414,1272.0,3.774480712166172,33.939893272929204,-117.9178185154924
4.654100848897559,30.0,6.580250026657578,1.037593984962406,341.0,2.56390977443609,37.94773815202443,-122.04110682461419
1.4023049517755122,15.0,4.802281733900321,1.0818505338078293,1607.0,2.8594306049822062,39.11314539808449,-121.57250736686915
2.4657492916776893,25.0,5.0838913735677345,1.020168067226891,1603.0,2.694117647058824,38.681153778224655,-121.21329918900223
3.0449487339760686,40.0,4.851987764364425,1.0070298769771528,1223.0,2.149384885764499,38.432442362106336,-122.70725039690615
4.89542581976,16.0,6.42669922079093,0.9842931937172776,1162.0,3.0418848167539267,34.87040615789947,-120.4174975471867
7.449447502893909,23.0,7.472627677138665,0.982608695652174,693.0,3.0130434782608697,33.897049834834405,-117.88554891808765
1.67820626027677,24.0,3.6693901838097944,1.087360594795539,1757.0,3.265799256505576,34.04093045387593,-118.28557878618308
4.963623063005883,34.0,6.20417140674288,1.032258064516129,1128.0,2.7990074441687347,33.83425450159513,-118.14618034485783
3.5823650736351875,37.0,4.386083977906793,1.0794701986754969,1649.0,2.1841059602649007,37.68205932192602,-122.40376539195745
6.009830335400123,20.0,6.36759962278377,1.0434782608695652,360.0,3.130434782608696,34.41440005183683,-118.8983353041525
5.15312761392411,37.0,6.210651408356435,0.9940652818991098,1074.0,3.1869436201780417,34.25055972963805,-118.4617813960726
2.992048165876897,47.0,5.6311713209585195,1.0201612903225807,1025.0,4.133064516129032,33.92445611754452,-118.18125272365306
3.071399975452093,33.0,5.405904512676183,1.1176470588235294,1198.0,2.610021786492375,37.78529077776145,-120.98287057142288
3.2630012106590107,17.0,2.3524236797211926,0.972972972972973,615.0,1.662162162162162,33.89655313411771,-117.8651592947496
3.9668512024276983,52.0,5.018006865543731,0.9723991507430998,1081.0,2.29511677282378,37.585583057820266,-122.35438836570977
2.9220510756607694,27.0,4.8241463419529405,1.0094637223974765,1158.0,3.652996845425867,36.20617635696382,-119.06194593401737
2.735875669259777,31.0,5.73563351172799,0.9395973154362416,453.0,3.040268456375839,36.70982873276435,-119.68163704289061
1.7858501325221534,53.0,5.665990609152117,1.078369905956113,758.0,2.376175548589342,40.78797021103363,-124.16347519108555
2.1358913502710766,30.0,4.198273966540722,1.0232558139534884,736.0,2.852713178294574,34.174491460527406,-118.3699656936043
3.953631194622734,43.0,7.683641018029598,1.0493827160493827,578.0,2.3786008230452675,38.12762714485824,-122.2261186419902
3.6189311664006425,16.0,5.752871411815093,1.1228070175438596,1245.0,2.426900584795322,35.64353213456002,-117.67494012008918
4.803515091830792,32.0,7.438713720523694,1.0306406685236769,940.0,2.618384401114206,38.62663768595767,-121.35164887013285
1.3258341346701474,30.0,4.115267047511397,1.0190677966101696,1344.0,2.847457627118644,35.29635691316606,-120.65815063988077
3.520315242236516,16.0,5.775112561201364,1.0232945091514145,1478.0,2.459234608985025,38.67457531540472,-121.26490905086466
6.082538795862127,25.0,7.329002045247932,0.9984520123839008,2061.0,3.1904024767801857,33.762043448418936,-117.82414552260387
3.651696562874204,39.0,3.9493777122609424,1.0103626943005182,859.0,2.2253886010362693,34.21917023457256,-118.21419023133258
1.797132808346399,45.0,4.527142525091481,0.92831541218638,826.0,2.960573476702509,37.74191795703687,-122.2117429362976
2.7291310538851477,29.0,4.333041823794625,1.138801261829653,1414.0,2.230283911671924,37.65283575728529,-122.10379331785764
1.9549362126751477,29.0,4.459495242072768,0.965964343598055,1809.0,2.9319286871961103,39.4892300560508,-121.54602263583251
2.9601582054175615,51.0,4.775595158510737,1.071240105540897,1724.0,2.2744063324538257,34.045414614867326,-118.34477300393398
4.110056793828419,51.0,5.757107311146189,1.1338912133891212,735.0,3.075313807531381,34.1363965934144,-118.22954426463201
2.8771872302718764,36.0,5.306524027551635,1.069090909090909,695.0,2.527272727272728,35.336357131223025,-119.01464204165784
3.8420582179104965,32.0,6.600504739363187,1.1004672897196262,1313.0,3.067757009345794,34.20708316780998,-118.60997760208588
1.460264207712494,51.0,4.240069071662415,1.1793721973094171,513.0,2.3004484304932737,39.7288115843176,-121.83391441467597
2.2585245853135456,42.0,5.588171436697392,1.1782608695652177,504.0,2.1913043478260867,36.61496276114741,-121.9087717765092
4.912807114815499,14.0,6.175771035683422,0.9949698189134808,2754.0,2.7706237424547284,34.18347932380356,-119.22577127183801
1.0021492033400439,21.0,3.8682564464109537,1.103225806451613,1167.0,3.764516129032258,33.95757882327707,-118.23696000295362
3.3891246867693714,28.0,6.279886270963535,1.096035242290749,2673.0,2.3550660792951543,33.66664174420916,-117.89382312112942
5.2807712158451405,39.0,5.513191370790999,0.9571045576407506,1228.0,3.292225201072386,37.511203798223356,-122.28936009757633
2.634219651498258,4.0,5.512731132745307,1.109204368174727,1415.0,2.207488299531981,33.961940947795426,-117.88176092628972
6.439508456154262,12.0,6.437978861031513,1.0206896551724138,1710.0,2.9482758620689653,34.53125778241343,-118.36088854668009
4.022719684840914,28.0,6.780894740552323,1.119496855345912,2072.0,3.257861635220126,38.649490032489425,-122.94454776726572
1.6619053707759612,33.0,3.07313038650231,1.0472972972972974,2450.0,3.310810810810811,33.99287404013446,-118.2719982538468
5.2488348374308655,35.0,8.080863745727504,1.148936170212766,98.0,2.0851063829787235,37.857631067520856,-122.24002741064605
5.273984788914979,24.0,6.089335477351361,1.00982800982801,1216.0,2.987714987714988,38.54444353900071,-121.35513717481685
2.157256022188068,26.0,4.998146496775953,1.0862068965517242,1785.0,3.077586206896552,32.78873998692736,-116.97698042156983
4.339117551149755,37.0,5.31495715458156,1.0532544378698223,1183.0,3.5,33.934975504056176,-118.08133121678321
5.567113112400421,33.0,7.68826985095533,1.0463576158940395,1614.0,3.562913907284768,33.804125814239775,-117.98870273402531
0.9778344058175686,42.0,5.483002012951077,1.2204301075268815,764.0,4.10752688172043,35.372706584343995,-119.00150338202386
5.917746378568629,25.0,7.15487010501871,0.9636963696369636,945.0,3.118811881188119,33.831097374045285,-117.84029490221292
4.080483355703116,36.0,4.642224656230231,0.9789473684210528,862.0,3.024561403508772,33.90877807469698,-118.09289627231145
5.737673624709778,3.0,6.048311210581217,1.0860585197934596,1467.0,2.5249569707401034,33.781028346471295,-117.69601496563527
3.033542945867908,15.0,4.871289648402046,1.1530864197530863,2365.0,2.919753086419753,33.96828526120318,-118.34409488366958
3.1070555451585102,20.0,5.964152675304953,1.033395176252319,1667.0,3.0927643784786643,38.633160139507254,-122.8585841240503
3.519455718797926,25.0,7.337489100143007,1.1449704142011834,1059.0,3.133136094674556,34.643488764843774,-118.22343014475321
2.607570171658471,14.0,3.997580473850605,0.95906432748538,2024.0,1.97270955165692,37.31439037354574,-120.45202374224753
7.420799794608507,19.0,6.609208519196978,1.0015151515151517,2062.0,3.124242424242424,37.245912147403764,-121.91014728573246
2.0582302617530575,19.0,4.743502084351039,0.963157894736842,700.0,3.684210526315789,36.92739126788142,-120.06257482854424
3.1721649106852694,35.0,5.684387280623564,1.0252100840336134,1111.0,2.3340336134453783,37.955749982514355,-122.06716411219577
3.3137519421824604,26.0,3.893065462878692,1.1167002012072436,1966.0,3.955734406438632,37.455732793468975,-122.21018733377205
6.898878364444282,14.0,7.656965270008214,1.0297029702970295,1137.0,2.8143564356435644,33.683321186676366,-117.7700829768509
2.8999946619566153,35.0,4.02941197498044,0.8803418803418803,678.0,2.8974358974358974,37.882561890098295,-121.26588190270299
3.1460005734272904,28.0,4.3693106244425906,1.00199203187251,1426.0,2.8406374501992038,33.7689203862896,-117.99024384582404
2.452537472132989,13.0,4.567684505358343,1.0422535211267605,1472.0,2.9617706237424546,32.848940849670434,-116.93444455489889
4.197622925131728,15.0,6.705662868232655,1.0460251046025104,827.0,3.4602510460251046,33.15790281283137,-117.07446815375027
3.4375710917487146,50.0,5.567457897355979,0.9336801040312094,1750.0,2.275682704811444,32.72837401477896,-117.13139328497469
2.4714507745897984,12.0,4.932885654791516,1.1040843214756255,2310.0,3.0434782608695654,32.87163651048503,-116.92030979944154
3.6980635903454373,9.0,6.2201294247417644,0.9583333333333334,1056.0,3.3846153846153846,34.44475612068281,-117.31115146695088
4.690095517512893,18.0,6.898446957757086,1.1123595505617978,758.0,4.258426966292135,33.13498951039009,-117.15760442651914
4.041876520917703,42.0,7.180830567006272,1.0493827160493827,578.0,2.3786008230452675,38.1099504430652,-122.24596054439898
3.1348885456247446,29.0,4.9886137030195234,1.1269035532994924,625.0,3.172588832487309,39.958737276799795,-122.14756086659366
3.0558509446840474,34.0,5.6118745383687125,1.0201793721973094,1193.0,2.674887892376681,32.74567233855783,-117.06750033932262
3.1487024125196146,40.0,3.8002838485887747,1.0634328358208955,562.0,2.0970149253731343,33.976415375304484,-118.47234365105713
1.8692121429364925,32.0,4.399357331080223,1.1648936170212767,1639.0,4.35904255319149,33.87829758606056,-118.17496064657374
2.594359843135877,25.0,5.7003551569993824,1.0196078431372548,2902.0,3.556372549019608,38.50749540711032,-121.47053396146632
4.961778693915698,31.0,6.860900809388314,1.1752265861027191,969.0,2.927492447129909,34.2525797176673,-118.51303125362433
2.8325864171619104,29.0,3.044110847041431,0.9108910891089108,673.0,3.3316831683168315,34.07003694973854,-118.25091174649232
4.022934293742521,34.0,5.224880838638803,1.1405693950177935,1541.0,2.7419928825622777,34.12401970290385,-118.07824066698996
2.6663927454634075,49.0,6.8427486704588745,1.1206225680933852,532.0,2.0700389105058368,38.56244722304375,-121.41804953367973
2.2386786044903686,13.0,4.895467649825491,1.0507462686567164,1598.0,2.385074626865672,40.6325452537565,-122.3937268674792
1.1147000663925184,34.0,5.417883368469077,1.1724137931034482,242.0,2.781609195402299,35.26894284037198,-118.99236387706672
2.190661619326508,35.0,4.58793236610571,1.0809443507588532,2106.0,3.551433389544688,33.978329990190225,-118.15383977487363
6.489142592837295,36.0,5.954420763907385,1.0707762557077625,1087.0,2.481735159817352,33.85875009062176,-118.3927289399431
5.574829364199138,27.0,5.475578134772787,0.9634551495016612,817.0,2.7142857142857144,37.32001437578683,-122.00331970520105
3.256938238221934,31.0,6.518302981018929,1.0517711171662123,2012.0,2.741144414168937,32.729805950539486,-117.02137957414955
3.6571749930709565,17.0,4.352523225789832,1.142266335814723,1897.0,1.5690653432588917,34.055532210232904,-118.37626417628185
1.8509467127408672,45.0,5.406828056108669,1.124223602484472,1329.0,4.127329192546584,34.007660401552705,-118.29554986270394
2.4576207030947397,51.0,5.526551807916511,0.9859943977591036,1049.0,2.938375350140056,36.76393389732407,-119.80230109200504
3.075471328347808,36.0,6.20011254819417,1.0314606741573034,1072.0,2.408988764044944,37.67026186270086,-121.01409542285619
7.040672204981134,30.0,9.326512918633032,1.102827763496144,2450.0,3.1491002570694087,37.872365037564784,-122.00662682941103
3.387970527722038,52.0,5.981136846308506,1.1214128035320088,1056.0,2.331125827814569,37.72992975560739,-122.46979713737889
2.0909480858352185,45.0,3.2246782621183927,1.0552486187845305,454.0,2.50828729281768,34.131472641045185,-118.14403610444113
3.8202711894201067,39.0,4.800534433890859,0.934065934065934,932.0,3.413919413919414,33.98641091314024,-118.05608835498491
1.5475555086768962,47.0,4.233045621830407,1.0538922155688624,1100.0,3.2934131736526946,33.97248454790054,-118.26033940714908
6.561140744042385,28.0,6.451302082622144,1.0372250423011844,1457.0,2.4653130287648053,33.81615941575598,-118.08854931658179
4.078241584178117,41.0,4.8190880302554655,1.069212410501193,1621.0,1.9343675417661097,33.766379340532055,-118.13095994318334
2.578450090065571,28.0,4.350108977862598,1.0553846153846154,1082.0,3.329230769230769,34.439419529457716,-119.70427795689275
4.834428753693973,35.0,6.041107107082511,1.0061162079510704,969.0,2.963302752293578,33.93830244105582,-118.00584331139767
5.309800892696976,21.0,8.238839810286693,0.9481865284974094,462.0,2.393782383419689,37.97780675116845,-121.35805850063616
2.464522504830096,22.0,5.779681220026401,1.2105263157894737,130.0,2.280701754385965,34.397617197958446,-119.31757137287839
3.4950749990300514,39.0,4.945718271620006,0.9520958083832336,679.0,4.065868263473054,33.88514309482541,-118.2390403410153
2.2008882095198183,49.0,4.573352749894446,1.0425531914893618,517.0,2.75,37.95119940391727,-121.2513351440421
3.576964257642452,23.0,6.484685246598054,0.9714285714285714,1164.0,2.771428571428572,40.54858762368439,-122.36927555260664
0.8787967350278436,50.0,4.591051848994162,1.0662650602409638,788.0,2.3734939759036147,37.809758368998665,-122.29859806035817
3.308394449711626,29.0,5.99567100663224,1.058227848101266,1030.0,2.607594936708861,34.21069310574152,-118.2307711779755
3.0762313511066006,23.0,4.840475261547037,1.1232227488151658,3067.0,2.9071090047393366,34.09547365089754,-117.6697754758539
4.09689046236768,24.0,6.402258324068032,1.0508221225710015,1609.0,2.4050822122571,32.78783924668372,-116.97409292791275
5.106973802239855,16.0,7.000529413252749,1.0235131396957122,2531.0,3.500691562932227,32.887419062763385,-116.97359057601419
1.8833024697056553,28.0,5.1382695589199825,1.1528735632183909,2667.0,3.06551724137931,33.66164788991193,-117.33798467647358
2.742231658458116,22.0,3.9147452729132217,1.0474106491611963,2690.0,1.962071480671043,34.14622264021034,-118.23080308974346
6.193942883146031,44.0,6.241838224522024,1.0507462686567164,839.0,2.5044776119402985,33.95986909399,-118.39133053454141
3.061284474845498,19.0,5.871823511632198,1.0714828897338402,3107.0,2.3627376425855515,38.61233970956485,-121.31092066978633
3.924356019992852,29.0,5.474038986841647,0.9554655870445344,2079.0,4.208502024291498,34.02916946877052,-117.91054638789649
1.8865309443188287,33.0,3.8135870281104536,0.9230769230769232,527.0,4.053846153846154,33.94891124965756,-118.05449788959143
5.258730077428929,42.0,5.9407845116845355,1.0850661625708884,1525.0,2.8827977315689983,33.80705406542231,-118.18135987092242
2.1849703429366047,12.0,4.938017236119746,1.0512295081967211,1151.0,2.3586065573770494,41.317566406334976,-122.28008130631534
2.059276343507119,29.0,5.909478401641066,1.0126182965299684,1063.0,3.3533123028391167,36.04402556446863,-119.12375587192078
1.6708147940999107,21.0,4.958525752498558,1.18732782369146,1166.0,3.212121212121212,41.09114351324886,-123.70451739817788
3.750053161975633,43.0,6.691305826389843,0.9791666666666666,752.0,2.611111111111111,38.04783962985998,-122.24226998152233
3.1817024121209743,35.0,6.77601928194439,1.0817610062893082,369.0,2.320754716981132,37.61923799299444,-122.04414110262947
3.6906825705674198,36.0,5.323521951958641,0.96309963099631,804.0,2.9667896678966788,34.069771372674616,-117.90029126705396
3.3899010387100215,17.0,5.919070367885815,0.9974293059125964,1155.0,2.969151670951157,40.0903545892675,-122.37451435456163
4.471220880162054,26.0,5.047950436444672,1.0050167224080269,1460.0,2.4414715719063547,34.32247256874285,-118.46204686977381
7.28713885645818,28.0,7.262704404933932,1.025568181818182,1051.0,2.9857954545454546,33.87787650339097,-118.32674649242121
5.269853100081229,28.0,7.3387388554499635,1.018181818181818,752.0,2.278787878787879,36.805275535108805,-119.83315331083533
2.6241126840488125,29.0,4.706848816029014,1.0775,2126.0,2.6575,32.65141128016813,-117.0812905165785
3.575248042687283,32.0,5.934961412722439,1.012853470437018,989.0,2.5424164524421595,32.846118744739655,-117.19449872454473
4.484332595106799,45.0,5.945872797781841,1.120274914089347,1105.0,1.8986254295532643,33.534605633971935,-117.7733961109028
4.620428542604044,35.0,5.466255051941143,0.9342857142857144,882.0,2.52,37.98167641481085,-122.03535266929681
4.981740592821946,52.0,7.476445414716414,1.0062305295950156,805.0,2.5077881619937696,37.76939594803625,-122.21501378056665
8.114123896218864,21.0,6.692785758587885,0.982608695652174,693.0,3.0130434782608697,33.90094331113586,-117.89011818334454
2.6404770698153635,39.0,4.346587890457833,1.1666666666666667,931.0,3.978632478632479,33.949644836701445,-117.94069080512949
4.763945106499504,27.0,6.679390124686106,1.040983606557377,2046.0,4.192622950819672,33.82103972807503,-118.299944552674
2.6926841747185564,3.0,6.264817076454019,1.05,50.0,2.5,37.969908097717465,-121.32339135295994
3.985128584678258,33.0,7.390696153975446,1.156862745098039,632.0,3.0980392156862746,37.608960358906366,-122.03032793115574
1.965062340632125,43.0,4.708575479788276,1.0404494382022471,786.0,1.7662921348314606,34.020221149799355,-118.33961304578784
4.172526653809695,22.0,5.579787660483748,0.9864864864864864,1430.0,3.220720720720721,36.60801884603505,-121.80181834277596
3.3545716968692645,46.0,5.5873959497068535,0.9715302491103204,972.0,3.4590747330960854,34.15765949455964,-117.29347664505306
4.106210462258059,48.0,4.612735573403246,1.0527950310559009,777.0,2.4130434782608696,37.94292767201182,-122.323291644227
3.5196596014980575,39.0,6.327787794862579,1.080110497237569,1120.0,3.0939226519337018,34.04311346638198,-118.12296617510893
2.7174640596497106,37.0,4.993204269050108,0.9782608695652174,1147.0,3.562111801242236,38.615715890705516,-121.4362079020531
1.9394281169949996,44.0,3.6676160379168237,1.0776255707762556,1506.0,3.4383561643835616,37.77046689378353,-122.21106550134233
4.1859625917712036,29.0,5.618589982675651,1.1320754716981132,559.0,2.6367924528301887,38.659067006245714,-121.43064586502828
2.5499491532953034,22.0,5.413373539224434,1.152317880794702,1093.0,3.619205298013245,36.76587288395477,-120.20236068006653
4.362442288433067,10.0,4.819878972845615,1.0434782608695652,3086.0,2.439525691699605,33.626062947481785,-117.6771756160479
1.9971314314488573,54.0,5.250002353652829,1.10062893081761,415.0,2.610062893081761,37.73551571877713,-122.41914650794278
3.2416708918945325,33.0,6.155197773549873,1.223908918406072,1500.0,2.846299810246679,34.11827790313661,-118.08681990625267
2.045975013042556,18.0,5.32027134395292,0.9912536443148688,1161.0,3.3848396501457727,32.787123744638556,-115.69191942385976
2.159811584030013,40.0,4.784670958302965,1.0421455938697315,946.0,3.624521072796935,36.728031737679565,-119.72677664531992
4.338684216680573,35.0,6.506982429235177,1.0073421439060206,2315.0,3.3994126284875184,32.60891151462452,-117.04052279323892
2.3177414218440107,19.0,3.790181085609066,1.064412238325282,1855.0,2.987117552334944,34.23686872478387,-118.47129150641379
2.336174543511994,26.0,5.7626532761259925,1.0788912579957357,634.0,1.35181236673774,33.61392012672283,-117.68930507265371
1.923982990984946,28.0,5.0235097476468376,0.965964343598055,1809.0,2.9319286871961103,39.4984367225527,-121.5239314318107
3.584636422779063,32.0,6.1349043001612165,1.0091463414634143,843.0,2.5701219512195124,33.795163206906736,-117.84357936505259
3.6150141367296382,22.0,4.836189445526057,1.0751445086705202,1824.0,2.6358381502890174,34.18288557084673,-118.58491909254678
4.098755219342993,12.0,3.900125954472817,1.0796586059743956,1584.0,2.2532005689900427,33.64186122160116,-117.91956259326548
1.3907578853377234,42.0,5.137404014303647,1.0507726269315674,1030.0,2.273730684326711,39.133432105673755,-121.62264907861334
2.859032770905773,26.0,4.936097832654777,1.081911262798635,2734.0,3.110352673492605,38.00082961061408,-121.29176112090482
3.252378175311519,35.0,6.089868195034466,1.03951367781155,638.0,1.939209726443769,36.61078728082312,-121.91279872653406
2.6519913728554005,31.0,5.64302015757921,1.0309734513274336,890.0,3.938053097345133,34.02819164584903,-118.06928491043907
6.443230314537105,25.0,6.822634667095654,1.0227272727272727,960.0,2.727272727272727,33.63249492200256,-117.98158606928868
3.829285566335381,20.0,6.3846910044144,0.9829059829059827,1973.0,2.81054131054131,35.14676932308331,-119.48851773215769
3.778509291069139,38.0,4.175338283446211,0.975975975975976,928.0,2.7867867867867866,34.128790766430754,-118.01499599872952
3.8973405230699623,18.0,3.6414233915992504,0.9859154929577464,147.0,2.0704225352112675,34.10297544399565,-119.16953842505414
2.946374123088301,45.0,4.759058132338339,0.925925925925926,67.0,2.4814814814814814,34.31191508503084,-118.68680623384832
1.0245345599400124,12.0,4.30318351534618,1.0752551020408163,1571.0,2.003826530612245,39.73202190271363,-121.85689849754901
5.94287751282272,17.0,6.4885094768407585,1.131687242798354,2304.0,2.3703703703703702,36.96158601010854,-121.89031414810232
2.6169819849096383,28.0,4.7111266113176855,1.1141078838174274,1211.0,2.512448132780083,32.800541352560096,-117.14213110007066
6.524638015875778,23.0,6.416610091165648,0.9805194805194806,1240.0,2.683982683982684,37.222133110259826,-121.91290861111538
3.9718531923290117,45.0,4.735252032657898,0.958071278825996,1429.0,2.9958071278826,37.73414772438422,-122.51818451254597
4.227286690647799,36.0,4.263162515592113,1.0723926380368098,1363.0,1.6723926380368097,37.45094274207344,-122.15720126155018
3.7730418415148486,37.0,5.632080428204378,1.045822102425876,1096.0,2.954177897574124,34.076828848375655,-118.04044225711897
1.562728830703553,17.0,3.378326619051269,1.011686143572621,1576.0,2.631051752921536,38.5084524950099,-121.46875724033296
3.9024882278947115,45.0,6.2753027214955655,0.9617224880382776,452.0,2.1626794258373208,38.542088254794585,-121.48348197075235
2.6316814507497233,47.0,4.698500096249874,1.072,815.0,2.1733333333333333,37.87247768654481,-122.2868528931624
4.940911360627205,32.0,6.41585421997234,1.0886917960088691,1059.0,2.348115299334812,32.997543972415016,-117.24009127273447
5.6649845536949295,11.0,7.5415484554469385,0.9090909090909092,267.0,3.467532467532468,38.66747838836498,-121.25769951631457
2.3293305487189424,22.0,5.4118535897731235,1.1206896551724137,2149.0,2.646551724137931,38.60124845714607,-121.31885820794561
3.4285417234064375,41.0,6.043092458864543,0.9695817490494296,669.0,2.543726235741445,38.260260275309804,-122.13010707350965
3.6477847832458457,36.0,6.108485228977833,0.9732620320855616,1118.0,2.989304812834225,34.056305693810835,-118.1261017286926
1.1405464116989756,27.0,4.71296603919282,1.103529411764706,990.0,2.3294117647058825,40.86433276011942,-124.07203130043743
3.8964857428149893,34.0,5.602039185282858,0.9864864864864864,567.0,2.554054054054054,33.956035783904966,-118.41658894811667
2.556820141922018,20.0,5.296402221541497,1.0933660933660934,1009.0,2.479115479115479,38.961805622351726,-121.0384369616623
3.619935487087677,28.0,5.676190881413413,0.9932659932659932,1191.0,2.005050505050505,37.500032662707724,-122.23324332130248
5.04786462575294,33.0,5.066253728965798,1.054054054054054,753.0,4.07027027027027,34.24724262891309,-118.39856604991942
1.8345800781295243,30.0,3.8361629238229926,1.0614173228346455,2178.0,3.42992125984252,34.084310376582756,-118.28870018159037
4.914520744974212,53.0,8.190589772381358,1.0925925925925926,378.0,2.333333333333333,37.77064704254781,-122.24061786504419
5.047069498290915,16.0,7.4260236824949875,1.0743801652892562,1219.0,3.358126721763085,34.70731388541196,-118.1040949858681
2.8694716385349155,22.0,4.732318850320718,0.9759036144578314,484.0,2.915662650602409,34.017907525441686,-117.99401924031781
3.3737970404625663,44.0,5.7645383631824,0.9980582524271844,1470.0,2.854368932038835,34.01025539533423,-117.3668234973538
4.599418909892112,34.0,4.310421252107659,0.9416909620991254,1205.0,3.513119533527697,33.93374084090829,-118.07510982257237
2.4451022317294804,38.0,3.9886837625716187,1.06890756302521,2682.0,4.507563025210084,34.0388924977212,-118.17536873832034
5.842964125327325,15.0,6.36013328924314,0.9818181818181818,1073.0,3.2515151515151515,34.43829275603487,-119.91884691683858
6.938256964655989,5.0,6.747813538299597,1.071526822558459,2017.0,2.7744154057771664,37.98213282925987,-122.10248466226193
1.1690975290744177,32.0,4.754928316104805,1.0085653104925054,1292.0,2.766595289079229,33.914390441230516,-118.28705424838697
1.7836175218055432,37.0,5.01287967862927,1.128787878787879,366.0,2.772727272727273,35.33212614187189,-118.99797699452051
3.3385308139024867,17.0,6.233307628391238,1.034965034965035,792.0,2.769230769230769,38.74864515659389,-121.22488917180515
2.4134484719866527,35.0,4.072151300711475,1.0527859237536656,655.0,1.920821114369501,34.00640289815761,-118.32555767541645
4.0596965661790625,24.0,4.624525222017486,1.0117145899893505,2199.0,2.34185303514377,38.534382729353034,-121.74166009452337
3.613574328961942,16.0,5.963947296332782,1.0300500834724542,1446.0,2.4140233722871454,38.3980891331506,-122.85145345967945
4.605229374854693,19.0,5.530843132998028,0.9667774086378738,988.0,3.2823920265780733,38.45556162157706,-121.41981151267105
2.406579548873162,30.0,4.785700768046235,1.0258064516129033,524.0,3.3806451612903228,36.12028293183303,-119.57085610786639
1.5246188906664742,35.0,4.108640573918903,1.0559006211180124,1845.0,3.819875776397516,38.520030719387485,-121.45948908186274
1.5841631327158825,42.0,6.551141228244019,1.2226415094339622,931.0,3.513207547169811,34.03623619893603,-118.29027337814274
5.5785403223986,13.0,5.188520420373363,0.9956896551724138,731.0,3.1508620689655173,38.61724324547289,-120.85041685500573
5.393248165649496,22.0,6.238967555923358,1.0366013071895426,2447.0,3.1986928104575165,34.19426633374729,-118.58906524132989
3.8158995498627757,12.0,4.319381886280828,1.0687116564417178,3025.0,1.855828220858896,37.31288007929403,-121.93023297417164
4.182998886180747,48.0,7.155619408423396,1.0362116991643453,1018.0,2.8356545961002784,34.01348030539428,-118.34577774182976
2.139814764408859,26.0,3.858396442829603,1.0669856459330145,1028.0,2.45933014354067,33.91043488407891,-118.28105531088389
2.442756618380501,37.0,4.338131010723643,1.0406698564593302,774.0,1.8516746411483251,33.80211757846661,-118.10361999937962
2.517716096926573,37.0,5.353450727017662,1.1245136186770428,1854.0,3.607003891050584,37.91241572355013,-121.30048782554664
2.7566550251808817,15.0,6.2824719222844845,1.0334928229665072,602.0,2.8803827751196174,39.07883504919611,-121.0933976091718
2.7179173592904085,23.0,6.48567670772896,1.1320754716981132,1442.0,3.400943396226415,35.39325822609653,-119.42929562338993
6.193346815928802,18.0,7.68931285262733,1.1125,1682.0,3.504166666666667,34.10431328018793,-117.62657218403403
3.2864873281591693,18.0,5.184429473080449,0.981132075471698,1386.0,2.179245283018868,38.531943006594325,-121.73315604332794
1.0257687928902899,29.0,2.5974300424821366,0.9952941176470588,807.0,1.8988235294117648,33.65045309197354,-117.93648293205347
3.721610726163532,23.0,3.633752132428493,1.092485549132948,1322.0,1.9104046242774568,34.03756414172748,-118.42526871699509
2.1804854186788294,23.0,5.790146626075688,1.072892938496583,1052.0,2.3963553530751707,36.31988119078597,-119.76061387444615
3.074215026705501,32.0,4.011705442003941,1.1350974930362117,1704.0,2.3732590529247912,37.79634157205403,-122.48890338206749
4.158371575793305,46.0,5.203174337981119,1.0582191780821917,827.0,2.8321917808219177,33.97120096378459,-118.074785878007
1.6787622453059594,23.0,4.350679119414343,1.125,1031.0,2.801630434782609,38.423502169468,-122.71167024454918
4.799296549291918,35.0,5.857999311295296,0.9727520435967304,1130.0,3.0790190735694822,37.70084595255521,-122.46339887787808
3.1343005172806397,20.0,4.794968887819567,1.0605504587155965,2205.0,4.045871559633028,37.43504246987745,-121.96337526021748
4.009899713961437,29.0,5.385292492247941,1.0381165919282511,1216.0,2.726457399103139,33.856331847183704,-118.34270515350174
4.460202953057263,16.0,6.274112905003722,1.0689655172413792,633.0,2.425287356321839,39.0402311886165,-121.04013719404202
1.7419249257690472,26.0,5.975977545699564,1.213903743315508,568.0,3.037433155080214,34.05882729950107,-117.45304844135472
4.9625987937361815,33.0,5.6859326356045194,0.923529411764706,1019.0,2.997058823529412,34.21656852118215,-118.57310061046454
6.063272299215664,10.0,8.397910184981187,1.050682261208577,1555.0,3.0311890838206628,37.94933725100733,-121.9963523685412
4.9385813887548204,46.0,5.6128394621639375,1.0242587601078168,927.0,2.498652291105121,34.00754223858161,-118.35388751075686
3.4532375166142826,25.0,5.101644176122875,0.9864864864864864,1430.0,3.220720720720721,36.59947899859103,-121.80169582353298
2.912594362355715,52.0,5.643841671133924,1.079601990049751,546.0,2.716417910447761,37.80891548179081,-122.1762356793346
4.574221885594872,23.0,5.313644611154715,1.073943661971831,1978.0,3.482394366197183,37.23708506341962,-121.80070438325318
3.51934811750133,45.0,4.65423358788036,1.227985524728589,1497.0,1.805790108564536,37.71719593282886,-122.4765091325909
8.062416107860956,24.0,8.479229143138374,0.9924433249370276,1030.0,2.5944584382871536,37.70600265884156,-122.14513800434261
6.23400088673459,16.0,8.94521213048918,1.068014705882353,2025.0,3.722426470588236,33.628872226912634,-117.7021611928867
4.9368329648525675,24.0,5.546399997586761,1.0170542635658917,2220.0,3.441860465116279,34.22844929748887,-119.01451621372661
4.509998200181633,28.0,4.99944226523729,1.0315315315315314,782.0,3.5225225225225225,34.172173413990166,-119.20237661014654
4.985389673037713,51.0,4.997455905228026,0.9859154929577464,727.0,2.047887323943662,34.07903557156157,-118.36165609393701
4.834972323136257,24.0,6.25929977355342,1.0126382306477093,1708.0,2.69826224328594,37.98358101849176,-122.29011993754382
5.903618439971837,40.0,6.712218103173752,0.9836601307189542,723.0,2.362745098039216,37.911288546573644,-122.51559659307925
4.195545071972163,27.0,7.759498338755894,1.0893169877408055,1654.0,2.896672504378284,38.00964129881637,-122.27449082765472
6.7794288300572285,42.0,5.15079981169169,1.0100502512562817,520.0,2.613065326633166,34.040086761687796,-118.40385480680075
1.7662267235854332,19.0,4.74244638552037,1.0934256055363325,2135.0,3.6937716262975777,34.15580619851902,-118.16786950725357
3.789285292812884,38.0,3.633114700395431,1.029673590504451,1291.0,3.830860534124629,33.81577654012117,-118.23660378361627
4.764887836969296,37.0,4.703318660246773,1.0577249575551784,1311.0,2.225806451612903,33.829338171334676,-118.37531171748729
2.0850449688635355,52.0,4.805339220370309,0.9889705882352942,693.0,2.547794117647059,34.08253456331538,-117.31757492599009
4.1461694104961575,42.0,4.609689224950114,1.0,394.0,1.931372549019608,34.259788938328235,-119.2787726230373
3.2589092159196014,7.0,6.233975457299383,1.1612403100775197,1687.0,2.6155038759689924,32.75223211641973,-117.06804364996357
4.6480358256376135,23.0,6.066209752055102,1.018867924528302,840.0,3.169811320754717,33.89386851941929,-117.81988972254065
2.105906152360984,38.0,5.108638738112022,1.12987012987013,1454.0,3.7766233766233768,38.56387679481147,-121.4415134334002
2.9815938299346794,27.0,4.896574619851644,1.033003300330033,837.0,2.762376237623762,39.76490104726818,-121.59681671444208
4.371004088660318,17.0,5.4843649020189496,1.028397565922921,1512.0,1.5334685598377282,37.86347635567104,-122.05348791431125
4.794771465583782,27.0,6.105195386196452,1.0408163265306123,1012.0,2.2947845804988662,38.46713906495673,-122.70088927938899
2.5835279450157307,32.0,4.311696576253597,1.1358695652173914,1416.0,1.923913043478261,34.04705558659465,-118.332987662521
5.21741549497587,16.0,7.029343766583641,1.0578034682080926,1449.0,2.791907514450867,37.06915482821384,-122.09602371328022
1.8437364778068839,25.0,4.4477727110324325,1.087360594795539,1757.0,3.265799256505576,34.047012700584936,-118.30617458080656
